n,mean_min,mean_max,dev_min,dev_max
20,0.5578952233088051,1.2441899417828548,0.5628387261902532,1.0623730799296187
100,0.9035463801674408,1.3025252779417575,0.8833788989224138,1.1671277178509691
