n,mean_min,mean_max,dev_min,dev_max
20,-0.43416222283403233,0.374848876899425,0.6634799373951069,1.2523360454122152
100,-0.1175899439078005,0.24838090535947868,0.8102958017752108,1.0705697080423295
