n,mean_min,mean_max,dev_min,dev_max
20,-0.7239301149581328,0.1504919134074169,0.7171242432001508,1.3535911007715842
100,-0.3067612876810941,0.08360550028353188,0.8643108326073204,1.14193482638694
