n,mean_min,mean_max,dev_min,dev_max
20,0.10726167235007256,0.9676663380061405,0.2872962234304896,0.33180241535168437
100,0.3052278936590017,0.6711987429262809,0.2797241216595749,0.332851455876844
