n,E(z) mean,E(z) median,E(z) half_sum_of_extremal_elements,E(z) half_sum_of_quartiles,E(z) trimmed_mean,D(z) mean,D(z) median,D(z) half_sum_of_extremal_elements,D(z) half_sum_of_quartiles,D(z) trimmed_mean
10,-0.007982745862860383,-0.004386129830389964,-0.020996789823958317,-0.005516578209140681,-0.006624833979340609,0.09837231211383073,0.1433425089509435,0.16328405325274142,0.11391075196057752,0.16316773420946715
100,0.0038883233853241384,0.006077186885106254,-0.000529615511460662,0.002100224843023388,0.005261673035131993,0.010963552783964036,0.01622949572379667,0.09203339452707482,0.013306072818704533,0.019507662813917918
1000,0.0008407426068157535,0.0017572912776506315,0.002664050921631412,0.0005491664780181274,0.0011204708773959338,0.0010034333276401038,0.0015944386027083456,0.0564538178805569,0.0012175643644232587,0.002024884751220476
