n,E(z) mean,E(z) median,E(z) half_sum_of_extremal_elements,E(z) half_sum_of_quartiles,E(z) trimmed_mean,D(z) mean,D(z) median,D(z) half_sum_of_extremal_elements,D(z) half_sum_of_quartiles,D(z) trimmed_mean
10,10.0025,9.874,10.2945,9.917625,9.937,1.0819437500000002,1.477624,2.01801975,1.283917484375,1.6993087777777778
100,10.01369,9.8555,10.896,9.945125,10.01356,0.09574768389999996,0.19736975000000004,0.957184,0.13981685937500002,0.20483692639999998
1000,10.005702000000001,9.997,11.627,9.994,10.004912000000001,0.010137087196,0.0029910000000000015,0.6343709999999999,0.0029640000000000005,0.020718864255999996
