n,E(z) mean,E(z) median,E(z) half_sum_of_extremal_elements,E(z) half_sum_of_quartiles,E(z) trimmed_mean,D(z) mean,D(z) median,D(z) half_sum_of_extremal_elements,D(z) half_sum_of_quartiles,D(z) trimmed_mean
10,10.060199999999998,9.9315,10.343,9.97575,10.0495,1.0220759600000378,1.364557750000003,1.9583510000000075,1.1590369375000193,1.6904664166666663
100,9.99776,9.8565,10.9615,9.904125,9.99062,0.10192278240000974,0.2091577500000028,0.9902677500000152,0.1475111093749888,0.20533321560000672
1000,10.001017,9.998,11.683,9.99525,10.006934000000001,0.010374406711022743,0.0019960000000196487,0.7410109999999861,0.003758687499995972,0.020079419643977303
