n,E(z) mean,E(z) median,E(z) half_sum_of_extremal_elements,E(z) half_sum_of_quartiles,E(z) trimmed_mean,D(z) mean,D(z) median,D(z) half_sum_of_extremal_elements,D(z) half_sum_of_quartiles,D(z) trimmed_mean
10,-0.00812016536629352,0.0034018219557262245,-0.051670534654941674,0.006376192245384355,-0.006949575939184743,0.2261646845734193,0.16861095826425615,1.1708734119976727,0.18130370234039342,0.3912514808796677
100,0.0015553626398463632,-0.0030520852608666087,0.021573000335414344,-0.0021927650239641737,0.007673648287692972,0.02387984675739953,0.01848365302128485,1.4169331626550672,0.018728945865665095,0.04859103282880063
1000,0.0026476767132299277,0.0007659443793559209,0.005358812400028114,0.00068808733384244,0.0008262842158536698,0.0022872283215296042,0.0018339062087330705,0.5846256476913136,0.0018281629109244213,0.004626032725831689
